-9.614380002021789551e-01,1.527306139469146729e-01
4.754721522331237793e-01,-5.939009189605712891e-01
-6.680035591125488281e-01,2.230387777090072632e-01
-5.983797311782836914e-01,8.484087884426116943e-02
2.014154568314552307e-02,3.097951412200927734e-01
-6.040883064270019531e-01,3.675407767295837402e-01
-9.648620486259460449e-01,1.042984947562217712e-01
4.255045652389526367e-01,-7.051140069961547852e-01
2.626889944076538086e-01,3.204469680786132812e-01
5.107546225190162659e-02,4.822108447551727295e-01
-8.880123496055603027e-01,4.438425898551940918e-01
-7.895402908325195312e-01,1.507336348295211792e-01
-9.657668471336364746e-01,6.955695152282714844e-02
8.746367692947387695e-01,-3.207748234272003174e-01
5.151181221008300781e-01,-5.133430361747741699e-01
1.861936599016189575e-01,4.187087118625640869e-01
-5.773767232894897461e-01,-3.868497610092163086e-01
-2.185671925544738770e-01,5.974631309509277344e-01
-1.357145458459854126e-01,-8.867325186729431152e-01
-2.187752127647399902e-01,5.373091101646423340e-01
7.795134782791137695e-01,-1.681330949068069458e-01
5.571660995483398438e-01,-4.204014837741851807e-01
3.298128545284271240e-01,-9.513785243034362793e-01
4.983262419700622559e-01,-6.699619889259338379e-01
5.748934149742126465e-01,-6.116975545883178711e-01
8.560766577720642090e-01,-6.854880452156066895e-01
2.039297856390476227e-02,4.614852964878082275e-01
5.679289102554321289e-01,-1.996864229440689087e-01
-8.627341985702514648e-01,-4.653041958808898926e-01
-1.242051646113395691e-01,4.789836704730987549e-01
-5.637550354003906250e-01,3.440256714820861816e-01
2.766910791397094727e-01,-1.426291763782501221e-01
5.225089788436889648e-01,-6.559986621141433716e-02
2.841146290302276611e-01,3.126018941402435303e-01
-2.789945006370544434e-01,-6.187430620193481445e-01
5.509617328643798828e-01,-6.451554298400878906e-01
-9.621038436889648438e-01,1.791369616985321045e-01
-1.405354440212249756e-01,3.730790317058563232e-01
-5.276256203651428223e-01,3.887395262718200684e-01
4.229160249233245850e-01,-6.273572444915771484e-01
5.546605587005615234e-01,1.852359771728515625e-01
2.920704483985900879e-01,-9.522480368614196777e-01
-2.835050821304321289e-01,-7.111079692840576172e-01
-6.185494661331176758e-01,-2.283678352832794189e-01
-6.738604903221130371e-01,2.323237359523773193e-01
-6.573463678359985352e-01,2.498740702867507935e-01
-1.544518470764160156e-01,-7.645413875579833984e-01
-8.956821560859680176e-01,3.201266527175903320e-01
-2.896866500377655029e-01,-6.264085173606872559e-01
9.146875143051147461e-01,-5.989714264869689941e-01
-1.691532731056213379e-01,-6.530430316925048828e-01
-8.441691994667053223e-01,-6.081526279449462891e-01
4.230859130620956421e-02,4.860574901103973389e-01
-3.171383738517761230e-01,6.297022104263305664e-01
3.353461325168609619e-01,2.664148509502410889e-01
-7.773904502391815186e-02,1.123219281435012817e-01
5.244486331939697266e-01,-6.611720323562622070e-01
-1.934197992086410522e-01,-5.664808750152587891e-01
-1.261951476335525513e-01,9.078515321016311646e-02
-5.037651062011718750e-01,-4.810397922992706299e-01
-9.561369419097900391e-01,1.724932193756103516e-01
-1.495963335037231445e-02,-1.719430387020111084e-01
-6.153547167778015137e-01,1.258944720029830933e-02
5.890442132949829102e-01,-4.124529361724853516e-01
-7.051845192909240723e-01,1.295176148414611816e-01
9.095283150672912598e-01,-4.954116642475128174e-01
9.208918809890747070e-01,-4.008721113204956055e-01
3.716284930706024170e-01,2.546425461769104004e-01
7.252582311630249023e-01,-8.734717965126037598e-01
-6.926603913307189941e-01,3.019958436489105225e-01
4.231674671173095703e-01,1.865691542625427246e-01
-6.201522797346115112e-02,-6.732672452926635742e-01
4.783195257186889648e-01,4.536646977066993713e-02
9.116918444633483887e-01,-6.072328090667724609e-01
-7.215896844863891602e-01,8.202670514583587646e-02
-1.617008149623870850e-01,4.564754664897918701e-01
-7.647727727890014648e-01,-1.974557936191558838e-01
-1.687915623188018799e-01,4.566326439380645752e-01
-4.708447456359863281e-01,-8.311651945114135742e-01
-2.182364836335182190e-02,5.120204687118530273e-01
6.651948690414428711e-01,-3.355242311954498291e-01
-4.808351695537567139e-01,3.467053174972534180e-01
7.386898249387741089e-02,-9.522833824157714844e-01
-6.333696842193603516e-01,5.194094181060791016e-01
7.846948504447937012e-01,-5.288819074630737305e-01
5.078929066658020020e-01,-9.275791645050048828e-01
5.010907649993896484e-01,-5.337579846382141113e-01
-1.999413371086120605e-01,4.588517844676971436e-01
-7.594908475875854492e-01,1.281870156526565552e-01
1.191173344850540161e-01,-7.978371381759643555e-01
7.021674513816833496e-01,-6.475727558135986328e-01
-7.486166954040527344e-01,5.656807422637939453e-01
-3.511824179440736771e-03,-9.569296836853027344e-01
4.691957682371139526e-02,4.057599902153015137e-01
2.595774531364440918e-01,-6.642928123474121094e-01
5.505905747413635254e-01,-5.091519951820373535e-01
-6.540443301200866699e-01,-4.273287355899810791e-01
-9.564729332923889160e-01,-1.449330300092697144e-01
4.405257999897003174e-01,-9.370779991149902344e-01
-4.194242060184478760e-01,6.409776210784912109e-01
1.206155419349670410e-01,3.842667937278747559e-01
6.577110290527343750e-01,-1.351202577352523804e-01
-6.465311050415039062e-01,2.228831052780151367e-01
-7.052775621414184570e-01,-7.283641695976257324e-01
-4.312720298767089844e-01,-5.515390634536743164e-01
2.495637536048889160e-01,-6.435911655426025391e-01
-4.821776449680328369e-01,4.141570329666137695e-01
6.452700495719909668e-01,-9.086891412734985352e-01
-1.432111412286758423e-01,5.882996320724487305e-01
-1.461186856031417847e-01,5.703536272048950195e-01
-8.979463577270507812e-01,-8.256121724843978882e-02
5.820618867874145508e-01,-3.104782104492187500e-01
9.338770806789398193e-02,-9.537311196327209473e-01
-3.791721463203430176e-01,-9.068223834037780762e-01
-3.325802832841873169e-02,-6.932759284973144531e-01
-7.072956562042236328e-01,5.877299308776855469e-01
-8.210989236831665039e-01,-1.950098574161529541e-01
-3.918489515781402588e-01,6.348078250885009766e-01
1.274737566709518433e-01,3.816209733486175537e-01
-3.269512355327606201e-01,-9.300721287727355957e-01
-6.419472694396972656e-01,-2.461252212524414062e-01
7.595656514167785645e-01,-4.276714324951171875e-01
6.778246164321899414e-01,7.572674006223678589e-02
3.320703506469726562e-01,-6.653273701667785645e-01
-5.065413191914558411e-02,-2.000233530998229980e-01
-3.701143562793731689e-01,4.496420025825500488e-01
-1.615098416805267334e-01,5.404098629951477051e-01
6.858339309692382812e-01,-8.684293031692504883e-01
-4.206732511520385742e-01,4.383713901042938232e-01
-7.109661102294921875e-01,5.844352245330810547e-01
-6.276533007621765137e-01,-2.882842421531677246e-01
-6.526776552200317383e-01,-2.475741654634475708e-01
4.880202710628509521e-01,-5.656155347824096680e-01
4.664194285869598389e-01,-2.583842277526855469e-01
6.519120931625366211e-01,-4.692786633968353271e-01
-7.064795494079589844e-01,-4.199086129665374756e-02
-1.755923330783843994e-01,-1.241693273186683655e-01
-5.595504045486450195e-01,-8.461062312126159668e-01
-4.936969839036464691e-03,5.280970931053161621e-01
-4.718171432614326477e-02,1.124375239014625549e-01
-1.170233637094497681e-01,1.193195357918739319e-01
3.325874507427215576e-01,-6.696868538856506348e-01
3.594504296779632568e-01,2.687146365642547607e-01
6.276031732559204102e-01,-1.228149533271789551e-01
-9.244090914726257324e-01,3.733460307121276855e-01
-3.283972740173339844e-01,6.235363483428955078e-01
-1.253977566957473755e-01,-9.542415142059326172e-01
-5.299046635627746582e-01,2.059404104948043823e-01
-2.828672528266906738e-01,-9.141460657119750977e-01
4.940736889839172363e-01,-9.321050047874450684e-01
-3.057887963950634003e-02,2.519473135471343994e-01
-2.772128283977508545e-01,-9.198559522628784180e-01
-7.362859249114990234e-01,2.246586233377456665e-01
9.096319675445556641e-01,-4.568801820278167725e-01
-6.857959628105163574e-01,-1.467438042163848877e-01
-9.012832492589950562e-02,4.454319179058074951e-01
-5.190308690071105957e-01,3.978461623191833496e-01
-8.795149326324462891e-01,-5.312729477882385254e-01
-9.531434774398803711e-01,2.476977556943893433e-01
-7.800508141517639160e-01,-4.001654982566833496e-01
-9.546427130699157715e-01,-2.035605907440185547e-01
-6.381815671920776367e-01,3.815818428993225098e-01
2.442959696054458618e-01,3.362352550029754639e-01
-6.154174804687500000e-01,-4.227846860885620117e-01
9.053721278905868530e-02,-6.195300817489624023e-01
6.094298362731933594e-01,8.382027596235275269e-02
3.967223763465881348e-01,-6.402355432510375977e-01
5.772787928581237793e-01,-3.059302568435668945e-01
6.961800158023834229e-02,-8.820364475250244141e-01
-7.178437709808349609e-01,5.808724164962768555e-01
6.852593421936035156e-01,-6.487873196601867676e-01
6.707708835601806641e-01,9.335754066705703735e-02
1.965344548225402832e-01,-8.013940453529357910e-01
5.693561434745788574e-01,-3.406756818294525146e-01
2.302060872316360474e-01,3.872615098953247070e-01
5.762909054756164551e-01,-2.446859776973724365e-01
5.609269142150878906e-01,-1.759435832500457764e-01
-4.987099468708038330e-01,-8.708330392837524414e-01
-7.171834111213684082e-01,2.332859337329864502e-01
-9.123820066452026367e-01,-4.388740658760070801e-01
-6.198889613151550293e-01,-7.266000658273696899e-02
6.828004121780395508e-01,-2.546279132366180420e-01
-6.929414719343185425e-02,-6.886414289474487305e-01
2.928870618343353271e-01,3.139611482620239258e-01
-8.210479617118835449e-01,5.140891671180725098e-01
1.781160011887550354e-02,-5.633533000946044922e-01
7.473556995391845703e-01,2.694078534841537476e-02
4.026496708393096924e-01,-6.376465559005737305e-01
-6.581943035125732422e-01,2.468944787979125977e-01
-5.324397087097167969e-01,-4.491874575614929199e-01
-9.297703504562377930e-01,-3.679392337799072266e-01
3.538171648979187012e-01,-6.340116858482360840e-01
-2.783944606781005859e-01,4.578614234924316406e-01
7.904026508331298828e-01,-7.913894653320312500e-01
-4.390865936875343323e-02,-1.814175099134445190e-01
-2.714228443801403046e-02,4.287239611148834229e-01
-4.349709302186965942e-02,-1.832534968852996826e-01
4.434248805046081543e-01,2.337298393249511719e-01
-1.893273741006851196e-01,4.591543674468994141e-01
-1.144470348954200745e-01,-9.491470456123352051e-01
5.682517290115356445e-01,-2.518889904022216797e-01
5.079953670501708984e-01,2.119343876838684082e-01
-4.462866857647895813e-02,-1.796549409627914429e-01
-9.379281997680664062e-01,3.297992348670959473e-01
-2.508353590965270996e-01,-6.868598461151123047e-01
3.282084763050079346e-01,-9.591000676155090332e-01
-5.188416107557713985e-04,-1.759541779756546021e-01
2.567459940910339355e-01,-9.529824256896972656e-01
6.424993276596069336e-01,-5.203418135643005371e-01
-3.764398396015167236e-01,1.471329182386398315e-01
1.852952241897583008e-01,-6.771198511123657227e-01
-3.735107183456420898e-01,6.305328011512756348e-01
8.987585306167602539e-01,-4.514142572879791260e-01
-1.893283873796463013e-01,-7.438900470733642578e-01
8.018993586301803589e-02,4.651500582695007324e-01
-1.420239508152008057e-01,-6.742146015167236328e-01
-7.909210324287414551e-01,2.209015041589736938e-01
-6.742960214614868164e-01,-1.521167457103729248e-01
-8.127759099006652832e-01,1.196149066090583801e-01
-6.916184425354003906e-01,-7.204480469226837158e-02
-1.652835756540298462e-01,-6.656225919723510742e-01
-5.844293832778930664e-01,-3.233162462711334229e-01
-3.717459365725517273e-02,-1.693536490201950073e-01
-1.836740225553512573e-02,5.326106548309326172e-01
8.209243416786193848e-01,-7.960141897201538086e-01
8.801521658897399902e-01,-4.747789502143859863e-01
-5.245485901832580566e-02,-9.539992213249206543e-01
-4.409722983837127686e-01,4.323595464229583740e-01
8.609107881784439087e-02,-9.051974415779113770e-01
4.156406819820404053e-01,-1.070612668991088867e-01
7.364933490753173828e-01,-1.610674262046813965e-01
-4.729429781436920166e-01,4.127123057842254639e-01
2.469772696495056152e-01,-9.612135291099548340e-01
-6.500793695449829102e-01,-2.548657059669494629e-01
1.745189130306243896e-01,3.034843206405639648e-01
7.740519642829895020e-01,-5.349359475076198578e-03
-7.063611596822738647e-02,5.557812452316284180e-01
-6.593782901763916016e-01,2.601681649684906006e-01
-1.003786921501159668e-01,-8.695910573005676270e-01
-3.643569946289062500e-01,6.298093795776367188e-01
-7.621052861213684082e-01,-2.451844960451126099e-01
3.152009844779968262e-01,-5.225422382354736328e-01
-6.486233472824096680e-01,4.727275371551513672e-01
-9.307749867439270020e-01,6.924755126237869263e-02
-4.837325513362884521e-01,6.347151994705200195e-01
-5.176241397857666016e-01,-5.005446076393127441e-01
-3.100904524326324463e-01,1.562833040952682495e-01
-3.564637303352355957e-01,4.698430299758911133e-01
-9.397466182708740234e-01,3.223972916603088379e-01
-9.458341002464294434e-01,-2.764345407485961914e-01
2.985870838165283203e-01,3.474579155445098877e-01
2.646719217300415039e-01,-5.975084304809570312e-01
6.679962873458862305e-01,8.346936106681823730e-02
4.253354668617248535e-01,-7.202100157737731934e-01
-1.597257703542709351e-01,3.877100646495819092e-01
-5.005480051040649414e-01,-4.947621822357177734e-01
-5.906039476394653320e-01,3.454049229621887207e-01
-8.451648950576782227e-01,4.942640662193298340e-01
2.585121095180511475e-01,3.651874363422393799e-01
6.656499505043029785e-01,-5.175376534461975098e-01
4.274418950080871582e-01,-6.310057640075683594e-01
-1.748261153697967529e-01,5.827406644821166992e-01
6.052488926798105240e-03,4.185129404067993164e-01
-9.585525989532470703e-01,-1.331360638141632080e-01
3.535452485084533691e-01,2.968508899211883545e-01
1.964736282825469971e-01,3.917327225208282471e-01
-9.643958210945129395e-01,1.295847352594137192e-02
9.075628519058227539e-01,-5.514321327209472656e-01
-7.748305797576904297e-01,-6.600720882415771484e-01
7.508883476257324219e-01,-8.300875425338745117e-01
-8.589200973510742188e-01,4.768010377883911133e-01
7.290086746215820312e-01,1.582429558038711548e-02
-9.132047295570373535e-01,3.986094295978546143e-01
-5.843862295150756836e-01,3.116954565048217773e-01
2.119667083024978638e-01,3.402534127235412598e-01
5.282257199287414551e-01,-4.921549558639526367e-01
9.277063608169555664e-01,-3.421070873737335205e-01
-9.113361835479736328e-01,4.020338356494903564e-01
8.344755768775939941e-01,-4.312862753868103027e-01
-3.109202980995178223e-01,3.401238024234771729e-01
-9.543574452400207520e-01,2.447926700115203857e-01
-1.681264191865921021e-01,5.927037000656127930e-01
5.937817692756652832e-02,4.212287664413452148e-01
1.120002474635839462e-03,-1.744154393672943115e-01
-3.412857949733734131e-01,3.926478624343872070e-01
-3.573789298534393311e-01,-3.782636821269989014e-01
-8.389860391616821289e-01,5.017680525779724121e-01
-5.668863058090209961e-01,3.658475577831268311e-01
3.649329543113708496e-01,2.830481231212615967e-01
-6.969662308692932129e-01,1.093233227729797363e-01
6.423213481903076172e-01,1.083700805902481079e-01
3.586951792240142822e-01,-9.461522102355957031e-02
-3.551701307296752930e-01,4.541754722595214844e-01
3.035713732242584229e-02,4.433435201644897461e-01
4.582310616970062256e-01,8.829713612794876099e-02
4.967548847198486328e-01,-8.043593168258666992e-01
-8.799163997173309326e-02,3.795320391654968262e-01
-7.783936262130737305e-01,5.466797351837158203e-01
-8.946313858032226562e-01,-3.724946677684783936e-01
7.200273275375366211e-01,-8.492106199264526367e-01
-5.819511413574218750e-01,-3.833813369274139404e-01
-2.560836672782897949e-01,4.605541229248046875e-01
2.369919121265411377e-01,3.394345045089721680e-01
2.591303884983062744e-01,-4.444611817598342896e-02
5.916848182678222656e-01,-3.544488847255706787e-01
-2.557670772075653076e-01,-6.397774815559387207e-01
1.849218644201755524e-02,9.965328127145767212e-02
-6.473313570022583008e-01,-3.720760941505432129e-01
9.101921916007995605e-01,-4.294164478778839111e-01
3.821583092212677002e-01,2.687827646732330322e-01
-7.061656713485717773e-01,1.226825714111328125e-01
-4.753665253520011902e-02,-6.887025833129882812e-01
6.350835561752319336e-01,-5.473215579986572266e-01
2.511579096317291260e-01,-5.501593351364135742e-01
6.434319019317626953e-01,-3.724655508995056152e-01
-1.021870747208595276e-01,-1.971962451934814453e-01
-4.196854233741760254e-01,-5.484098196029663086e-01
5.299899578094482422e-01,-4.751234501600265503e-02
-4.230630993843078613e-01,-8.784998059272766113e-01
-3.907347619533538818e-01,4.404122829437255859e-01
-1.494652181863784790e-01,-1.625722497701644897e-01
-7.040662169456481934e-01,8.134449273347854614e-02
-6.087117195129394531e-01,1.128706634044647217e-01
-4.652359485626220703e-01,-8.846613168716430664e-01
-3.140423297882080078e-01,5.115565061569213867e-01
-6.633617877960205078e-01,-8.203674554824829102e-01
8.817200064659118652e-01,-6.558104753494262695e-01
-4.347737133502960205e-01,-8.917506933212280273e-01
5.714085102081298828e-01,-7.181966211646795273e-03
2.520844340324401855e-01,-8.994027972221374512e-01
-6.858953237533569336e-01,1.684662848711013794e-01
-9.410609304904937744e-02,-2.007710784673690796e-01
-3.404741287231445312e-01,5.095704197883605957e-01
7.052876353263854980e-01,-3.417450934648513794e-02
5.857684612274169922e-01,-2.934499979019165039e-01
4.451552629470825195e-01,-9.502636194229125977e-01
6.842684745788574219e-01,-4.342300593852996826e-01
5.271878242492675781e-01,-9.234717488288879395e-01
3.473018109798431396e-01,3.954906761646270752e-02
-7.476273179054260254e-01,1.473942846059799194e-01
-1.972469389438629150e-01,-6.583954095840454102e-01
-3.452038168907165527e-01,5.065576434135437012e-01
3.311285078525543213e-01,-6.423574686050415039e-01
-8.738055229187011719e-01,-1.325661838054656982e-01
-5.022370815277099609e-01,6.362675428390502930e-01
-8.349413871765136719e-01,5.053327083587646484e-01
-1.312264055013656616e-01,4.524453580379486084e-01
9.046947956085205078e-01,-6.392595171928405762e-01
-4.549328088760375977e-01,-5.197740793228149414e-01
-1.100414395332336426e-01,-7.615756988525390625e-01
-8.520454168319702148e-01,-5.866963043808937073e-02
-1.148118749260902405e-01,-6.579326391220092773e-01
1.202164590358734131e-01,-7.001684904098510742e-01
-1.145561337471008301e-01,-6.756099462509155273e-01
-1.139459535479545593e-01,-6.801726222038269043e-01
3.011795580387115479e-01,3.027449846267700195e-01
-2.659969404339790344e-02,-1.672100275754928589e-01
3.067603409290313721e-01,2.973270416259765625e-01
8.660556674003601074e-01,-5.780399441719055176e-01
4.970980063080787659e-02,-6.830063462257385254e-01
-4.652356356382369995e-02,4.340388774871826172e-01
-8.682549595832824707e-01,-2.263187021017074585e-01
4.216475784778594971e-01,2.505826652050018311e-01
-4.492499530315399170e-01,6.377544403076171875e-01
-5.550746917724609375e-01,4.290488064289093018e-01
2.776385545730590820e-01,3.267655074596405029e-01
-5.146883726119995117e-01,-4.751514792442321777e-01
3.911131322383880615e-01,2.597685754299163818e-01
8.284578472375869751e-02,-8.581441044807434082e-01
-4.449445307254791260e-01,4.941030740737915039e-01
-6.109725236892700195e-01,-5.611514449119567871e-01
3.709546625614166260e-01,-9.566057324409484863e-01
-3.540271818637847900e-01,4.543531239032745361e-01
-8.493703603744506836e-01,-3.674817979335784912e-01
5.988116264343261719e-01,-3.773644268512725830e-01
-8.499923944473266602e-01,-5.580359697341918945e-01
-5.758566856384277344e-01,-6.549372524023056030e-02
-6.632926464080810547e-01,-1.905921995639801025e-01
-9.077992439270019531e-01,4.112595915794372559e-01
-1.267018020153045654e-01,-9.480129480361938477e-01
-8.819628506898880005e-02,4.452306032180786133e-01
5.624991655349731445e-01,-1.794945150613784790e-01
-1.952189952135086060e-01,4.594333469867706299e-01
1.718979924917221069e-01,3.783606290817260742e-01
7.884491980075836182e-02,3.946395218372344971e-01
-4.598228633403778076e-01,-5.307780504226684570e-01
3.759617507457733154e-01,-2.276541106402873993e-02
8.142031431198120117e-01,-7.655255794525146484e-01
3.085199892520904541e-01,-6.730234622955322266e-01
-6.444057226181030273e-01,2.466686517000198364e-01
1.677611172199249268e-01,-6.803663969039916992e-01
-9.596646428108215332e-01,-9.764315932989120483e-02
-7.456298470497131348e-01,5.665063858032226562e-01
-4.605985581874847412e-01,6.368490457534790039e-01
-4.550609886646270752e-01,-4.156074821949005127e-01
5.881919264793395996e-01,-3.354262113571166992e-01
1.495987027883529663e-01,-9.555919766426086426e-01
-6.863068342208862305e-01,-7.452988028526306152e-01
5.017338991165161133e-01,3.151399642229080200e-02
4.162971973419189453e-01,2.563674151897430420e-01
5.919141769409179688e-01,-9.245916008949279785e-01
-1.747303009033203125e-01,1.386233121156692505e-01
-5.697463750839233398e-01,3.573285937309265137e-01
2.990338802337646484e-01,3.227017819881439209e-01
7.024768739938735962e-02,-9.347727298736572266e-01
-5.742268562316894531e-01,-3.922394514083862305e-01
-1.895779669284820557e-01,-9.150470048189163208e-02
2.545517086982727051e-01,3.224012851715087891e-01
4.331286549568176270e-01,1.486083418130874634e-01
-9.427277445793151855e-01,-3.027500510215759277e-01
5.822473764419555664e-01,7.568112015724182129e-02
9.886767268180847168e-01,9.929168224334716797e-01
9.039045572280883789e-01,-3.748293220996856689e-01
-6.945757865905761719e-01,1.776406168937683105e-01
-8.319638669490814209e-02,5.703493356704711914e-01
1.999987661838531494e-01,3.543416857719421387e-01
-1.376706063747406006e-01,4.530771374702453613e-01
-4.109590649604797363e-01,-5.645542740821838379e-01
3.819177150726318359e-01,-6.970002055168151855e-01
-5.969412326812744141e-01,-3.476313948631286621e-01
-6.727253794670104980e-01,-1.585581600666046143e-01
8.617786169052124023e-01,-7.385660409927368164e-01
1.593704372644424438e-01,4.292286634445190430e-01
-2.630071640014648438e-01,-6.369895935058593750e-01
5.749082565307617188e-01,-2.294895946979522705e-01
-7.520520687103271484e-02,4.524361193180084229e-01
5.183112993836402893e-02,4.075418710708618164e-01
-3.889582753181457520e-01,-5.661200881004333496e-01
-5.005559325218200684e-01,-6.557045578956604004e-01
6.381372213363647461e-01,-3.304199315607547760e-03
-9.505232572555541992e-01,2.639297544956207275e-01
4.820106029510498047e-01,3.755094856023788452e-02
-8.679139614105224609e-01,4.537797272205352783e-01
-2.857017219066619873e-01,6.016178131103515625e-01
4.516682401299476624e-02,4.099261164665222168e-01
5.263769030570983887e-01,-4.650824666023254395e-01
1.120110079646110535e-01,3.824415206909179688e-01
4.386720955371856689e-01,1.767669916152954102e-01
8.962692022323608398e-01,-1.974318176507949829e-01
-7.333538532257080078e-01,3.663205802440643311e-01
8.051391243934631348e-01,-4.830852895975112915e-02
1.278831511735916138e-01,-3.414456546306610107e-02
-9.181579351425170898e-01,-4.149399101734161377e-01
-3.589862957596778870e-02,-1.693703830242156982e-01
-6.465537548065185547e-01,2.627757377922534943e-02
-9.474154710769653320e-01,-2.185899615287780762e-01
-8.088336586952209473e-01,-6.552137136459350586e-01
5.704169273376464844e-01,-9.529671818017959595e-02
1.174433976411819458e-01,-6.913603544235229492e-01
-8.754551410675048828e-01,-5.023390054702758789e-01
9.239648580551147461e-01,-5.202051997184753418e-01
-7.096320390701293945e-01,9.341720491647720337e-02
3.132461905479431152e-01,-7.704290151596069336e-01
2.984580993652343750e-01,3.304120302200317383e-01
3.032978773117065430e-01,-1.210296005010604858e-01
5.983176231384277344e-01,-5.954075455665588379e-01
8.361361026763916016e-01,-1.369540095329284668e-01
8.958967328071594238e-01,-3.228811025619506836e-01
-7.924682497978210449e-01,8.482499420642852783e-02
9.368591010570526123e-03,-9.575668573379516602e-01
-2.163254283368587494e-02,-1.693186014890670776e-01
2.548321485519409180e-01,3.179697785526514053e-03
-4.075526297092437744e-01,4.429404139518737793e-01
3.873206675052642822e-01,-3.581735193729400635e-01
1.229211390018463135e-01,3.793381750583648682e-01
-6.298866271972656250e-01,2.949336171150207520e-01
-6.943237185478210449e-01,-6.069149971008300781e-01
-9.630153179168701172e-01,-8.871626853942871094e-02
4.294314384460449219e-01,-8.672486543655395508e-01
8.169806003570556641e-01,-6.903940439224243164e-02
-6.745573282241821289e-01,6.002027988433837891e-01
-5.293042659759521484e-01,4.137633442878723145e-01
-5.979229509830474854e-02,5.513558387756347656e-01
-5.608482360839843750e-01,-2.442655563354492188e-01
-9.419839978218078613e-01,-2.586258351802825928e-01
-8.649771809577941895e-01,-5.226439237594604492e-01
2.394164502620697021e-01,-1.057399087585508823e-03
5.177781581878662109e-01,-5.093079805374145508e-01
5.578365325927734375e-01,-1.542132496833801270e-01
-4.966716170310974121e-01,-2.412898391485214233e-01
3.603684604167938232e-01,-8.797516226768493652e-01
1.084987167268991470e-02,-6.973987817764282227e-01
-5.384562015533447266e-01,-1.990301907062530518e-01
-8.698196411132812500e-01,4.680075347423553467e-01
6.887488067150115967e-02,-6.972110271453857422e-01
3.535757213830947876e-02,-6.977623701095581055e-01
-2.849118709564208984e-01,-6.153386831283569336e-01
-6.961418390274047852e-01,-9.620224684476852417e-02
-6.330562829971313477e-01,2.909882664680480957e-01
-3.740236163139343262e-02,4.944360852241516113e-01
-4.454047679901123047e-01,-8.883629441261291504e-01
-2.426315993070602417e-01,6.090698838233947754e-01
-7.013692855834960938e-01,-7.413917779922485352e-02
-9.633985757827758789e-01,1.061053350567817688e-01
8.813328146934509277e-01,-2.039717435836791992e-01
6.783092021942138672e-01,-8.209856748580932617e-01
9.367077350616455078e-01,-4.785836935043334961e-01
8.279896378517150879e-01,-6.650041937828063965e-01
7.925064563751220703e-01,-7.755266427993774414e-01
5.718932747840881348e-01,1.868502348661422729e-01
-7.097645998001098633e-01,6.243462674319744110e-03
-3.399503231048583984e-02,-1.681666970252990723e-01
6.066974401473999023e-01,-9.378536343574523926e-01
-3.602710785344243050e-03,-6.173070669174194336e-01
-3.480542823672294617e-02,-1.688720881938934326e-01
-7.814599275588989258e-01,5.456089973449707031e-01
-4.711705446243286133e-01,-8.599480986595153809e-01
-6.166980415582656860e-02,4.394873678684234619e-01
5.870516300201416016e-01,-2.039142549037933350e-01
8.607639074325561523e-01,-1.919661015272140503e-01
8.455491811037063599e-02,-7.004663944244384766e-01
1.045656427741050720e-01,3.161442279815673828e-01
-4.136039018630981445e-01,5.768487453460693359e-01
-5.412468910217285156e-01,-1.198934540152549744e-01
1.575717888772487640e-02,-6.817752122879028320e-01
-9.658291935920715332e-01,7.819808088243007660e-03
-2.485150843858718872e-01,4.596365690231323242e-01
-1.426672097295522690e-02,4.268658757209777832e-01
4.948620200157165527e-01,-7.785109877586364746e-01
-3.780349493026733398e-01,3.269923329353332520e-01
3.487640321254730225e-01,2.846499085426330566e-01
7.771893739700317383e-01,-2.866847813129425049e-01
5.337677597999572754e-01,1.870537921786308289e-02
4.969563782215118408e-01,-8.432819843292236328e-01
-5.795789957046508789e-01,3.502359390258789062e-01
-6.273500919342041016e-01,-3.890930116176605225e-01
7.800214290618896484e-01,-1.777845323085784912e-01
5.964049100875854492e-01,-9.029507637023925781e-01
-1.641760468482971191e-01,3.136143088340759277e-01
-9.646522998809814453e-01,1.143735200166702271e-01
5.638962388038635254e-01,1.795042157173156738e-01
-5.131281018257141113e-01,-2.882493734359741211e-01
-5.148899555206298828e-01,3.592380881309509277e-01
1.814590990543365479e-01,3.993781208992004395e-01
-4.952486157417297363e-01,5.669710040092468262e-01
-2.081958502531051636e-01,-4.692116677761077881e-01
-3.810150325298309326e-01,4.494233429431915283e-01
-1.497686188668012619e-02,1.079198643565177917e-01
9.073864817619323730e-01,-3.038606345653533936e-01
-6.677863001823425293e-01,-3.308582678437232971e-02
4.518402814865112305e-01,-5.794581770896911621e-01
4.958006143569946289e-01,-9.436927437782287598e-01
-5.547170639038085938e-01,-4.211287796497344971e-01
-9.363752007484436035e-01,3.335715234279632568e-01
7.670793533325195312e-01,-7.466758489608764648e-01
-8.252092599868774414e-01,4.871812164783477783e-01
8.958190679550170898e-01,-7.201547622680664062e-01
3.582789301872253418e-01,-6.550690531730651855e-01
-6.789970397949218750e-01,5.996245145797729492e-01
-9.247712790966033936e-02,-8.921251893043518066e-01
-5.379399061203002930e-01,4.608305692672729492e-01
2.729064822196960449e-01,-7.351281642913818359e-01
3.540107309818267822e-01,-2.343765497207641602e-01
-8.116821646690368652e-01,5.238026380538940430e-01
-7.031400799751281738e-01,-2.608965337276458740e-01
3.073904812335968018e-01,-9.607903361320495605e-01
5.347284078598022461e-01,-1.194607391953468323e-01
5.633521080017089844e-01,-3.922207951545715332e-01
2.525708973407745361e-01,3.277543187141418457e-01
9.210452437400817871e-01,-5.569159984588623047e-01
-8.423188924789428711e-01,1.958806514739990234e-01
4.173856377601623535e-01,1.590083390474319458e-01
-6.891775131225585938e-01,-8.806471526622772217e-02
-9.053416252136230469e-01,-4.201605021953582764e-01
7.924692630767822266e-01,-4.068417549133300781e-01
-1.295886635780334473e-01,-1.801991760730743408e-01
5.612955689430236816e-01,-3.749914169311523438e-01
5.713317990303039551e-01,-5.255188941955566406e-01
6.950209140777587891e-01,-3.122614324092864990e-01
3.257083594799041748e-01,-6.445588469505310059e-01
7.596018314361572266e-01,-1.065180916339159012e-02
7.492689043283462524e-02,-9.645373225212097168e-01
-5.944343805313110352e-01,3.367211222648620605e-01
-2.141681611537933350e-01,4.919252395629882812e-01
-9.472747445106506348e-01,-2.661632299423217773e-01
4.447279274463653564e-01,-6.141189336776733398e-01
-7.010689973831176758e-01,1.407132763415575027e-02
3.296237885951995850e-01,3.003190457820892334e-01
-6.463868021965026855e-01,2.694879174232482910e-01
-9.093590974807739258e-01,-4.097386002540588379e-01
-2.664077579975128174e-01,-8.563548922538757324e-01
-4.554621502757072449e-02,-1.726181507110595703e-01
-6.936239004135131836e-01,-1.137943044304847717e-01
-5.095860958099365234e-01,-8.434238433837890625e-01
-7.096825242042541504e-01,-1.041392423212528229e-02
5.270758271217346191e-02,-6.866773962974548340e-01
3.928065896034240723e-01,2.286767810583114624e-01
-6.554362773895263672e-01,2.514361441135406494e-01
-6.652716994285583496e-01,-1.844739317893981934e-01
4.282445907592773438e-01,-3.747700899839401245e-02
2.457762211561203003e-01,3.405525386333465576e-01
-6.551972627639770508e-01,5.497611761093139648e-01
4.287694990634918213e-01,-6.243178248405456543e-01
8.795715570449829102e-01,-2.613574266433715820e-01
3.495695292949676514e-01,2.799180746078491211e-01
8.717798590660095215e-01,-2.262095808982849121e-01
-6.268267631530761719e-01,3.076910376548767090e-01
-9.270911812782287598e-01,-1.614527404308319092e-01
-2.540565431118011475e-01,4.532755017280578613e-01
3.005896210670471191e-01,3.033407032489776611e-01
-6.094563603401184082e-01,3.271172642707824707e-01
-5.120981931686401367e-01,1.456338167190551758e-02
-9.451575875282287598e-01,2.984117865562438965e-01
-7.464009523391723633e-01,-4.879240393638610840e-01
-9.533296227455139160e-01,2.537424564361572266e-01
5.592312812805175781e-01,-8.787939548492431641e-01
-2.152983099222183228e-01,-7.572178840637207031e-01
-2.151624485850334167e-02,4.294328987598419189e-01
1.036260202527046204e-01,4.697768986225128174e-01
-9.148703217506408691e-01,1.916999667882919312e-01
-6.465373039245605469e-01,4.290569722652435303e-01
-5.594432353973388672e-01,-4.928214251995086670e-01
-2.627418935298919678e-01,6.101033091545104980e-01
8.558818101882934570e-01,-7.041018009185791016e-01
-9.442663192749023438e-01,-2.447230815887451172e-01
5.818613171577453613e-01,-1.681872159242630005e-01
-8.591008186340332031e-01,7.338681817054748535e-02
-9.001569449901580811e-02,-6.693846583366394043e-01
-7.171884775161743164e-01,-3.149827122688293457e-01
-9.061551094055175781e-01,-4.658885598182678223e-01
-2.007531560957431793e-02,4.410139024257659912e-01
2.583417594432830811e-01,-6.842355132102966309e-01
3.693457245826721191e-01,-9.476186633110046387e-01
-3.465260267257690430e-01,4.021167457103729248e-01
-1.104888692498207092e-01,-1.928284317255020142e-01
1.926515102386474609e-01,5.130757763981819153e-02
4.859656393527984619e-01,6.888157874345779419e-02
-1.260726898908615112e-01,-6.626553535461425781e-01
-1.623222827911376953e-01,4.510679244995117188e-01
-6.629124283790588379e-01,5.906528830528259277e-01
8.069404363632202148e-01,-8.341195434331893921e-02
9.245985746383666992e-02,-7.007477283477783203e-01
-4.652347415685653687e-02,-1.922301352024078369e-01
-8.451277613639831543e-01,-3.713929355144500732e-01
8.976126909255981445e-01,-2.595927119255065918e-01
-6.951863765716552734e-01,-1.069576069712638855e-01
-5.480549335479736328e-01,6.353827118873596191e-01
-6.046793423593044281e-03,4.188000559806823730e-01
-6.718703508377075195e-01,6.028071045875549316e-01
2.368165999650955200e-01,-9.540097117424011230e-01
4.486519694328308105e-01,-1.846243739128112793e-01
-5.427148342132568359e-01,5.924787521362304688e-01
-6.454334259033203125e-01,2.821905314922332764e-01
-4.963177442550659180e-01,4.094952046871185303e-01
-1.802615076303482056e-01,4.560773670673370361e-01
4.913392290472984314e-02,2.593594789505004883e-02
3.715257346630096436e-01,-8.479940891265869141e-01
-1.879411041736602783e-01,2.507876046001911163e-02
-6.927830576896667480e-01,1.367871761322021484e-01
-3.395006656646728516e-01,5.514222383499145508e-01
-8.976042270660400391e-01,1.883964687585830688e-01
8.781110048294067383e-01,-1.946862488985061646e-01
-8.011854887008666992e-01,4.142354801297187805e-02
-5.576871633529663086e-01,-4.150772988796234131e-01
3.444945812225341797e-01,-4.952382296323776245e-02
1.789798885583877563e-01,3.823741972446441650e-01
2.779747545719146729e-01,-8.838890790939331055e-01
8.682847023010253906e-01,-6.825082898139953613e-01
-7.013863325119018555e-01,2.002511173486709595e-02
7.845541089773178101e-02,-6.825716495513916016e-01
6.280083656311035156e-01,-9.151235818862915039e-01
6.118088960647583008e-01,7.013560831546783447e-02
-5.406190156936645508e-01,-4.517303109169006348e-01
9.057879447937011719e-01,-2.951236069202423096e-01
4.870992004871368408e-01,2.096751034259796143e-01
-6.711462885141372681e-02,4.391124844551086426e-01
8.471224308013916016e-01,-7.620844841003417969e-01
6.366915702819824219e-01,-8.926790356636047363e-01
4.850690066814422607e-01,-5.527356266975402832e-01
-7.102348804473876953e-01,-3.874355228617787361e-03
2.253002971410751343e-01,3.369207084178924561e-01
-7.342261672019958496e-01,5.728312730789184570e-01
-8.302984833717346191e-01,-6.243212223052978516e-01
-9.102546572685241699e-01,4.053167402744293213e-01
7.629871964454650879e-01,-6.908181309700012207e-02
5.389905571937561035e-01,-7.776089757680892944e-02
-9.892014414072036743e-02,-5.994760990142822266e-01
-4.385868012905120850e-01,4.328745305538177490e-01
-7.621325850486755371e-01,2.169087156653404236e-02
-9.489865899085998535e-01,-2.084830105304718018e-01
6.009007096290588379e-01,-7.203470468521118164e-01
-7.510695606470108032e-02,-7.835559248924255371e-01
4.819604456424713135e-01,-5.563986301422119141e-01
-5.903065204620361328e-01,3.402630984783172607e-01
-3.377569615840911865e-01,-6.050400733947753906e-01
-3.003698885440826416e-01,-6.776555180549621582e-01
7.273455858230590820e-01,-8.436735272407531738e-01
-3.837075531482696533e-01,-5.703299641609191895e-01
-4.062031209468841553e-01,-8.817970156669616699e-01
-4.589862823486328125e-01,-8.638081550598144531e-01
3.356166183948516846e-01,2.939923107624053955e-01
-3.656792044639587402e-01,-6.412060260772705078e-01
-9.202095866203308105e-01,-8.000490814447402954e-02
-5.862636491656303406e-02,-8.523441553115844727e-01
-6.893563270568847656e-01,1.716784387826919556e-01
8.973160386085510254e-01,-3.485675156116485596e-01
5.037863850593566895e-01,5.815056711435317993e-02
-7.042298913002014160e-01,-7.194002866744995117e-01
-1.778068691492080688e-01,3.958476483821868896e-01
-3.585977256298065186e-01,-5.799319744110107422e-01
7.509369254112243652e-01,-8.573423027992248535e-01
5.812984704971313477e-01,-4.421858489513397217e-01
-5.140841007232666016e-01,3.086106181144714355e-01
-1.781104505062103271e-01,-6.647713184356689453e-01
7.395837903022766113e-01,3.557326272130012512e-02
-4.871807992458343506e-01,4.118458628654479980e-01
-6.539906859397888184e-01,-2.270061373710632324e-01
-4.219421446323394775e-01,6.106871366500854492e-01
4.777570664882659912e-01,-9.472780227661132812e-01
8.153425455093383789e-01,-1.829120367765426636e-01
6.133803129196166992e-01,-7.890289425849914551e-01
-7.817875742912292480e-01,-6.528910994529724121e-01
4.963617324829101562e-01,2.851793309673666954e-03
-9.649323821067810059e-01,-4.122161120176315308e-02
-1.785203516483306885e-01,4.712781012058258057e-01
-5.662678480148315430e-01,-4.177917540073394775e-01
-8.870368599891662598e-01,4.526861310005187988e-01
4.012012183666229248e-01,1.288931518793106079e-01
6.194387674331665039e-01,1.424103081226348877e-01
-7.299051880836486816e-01,5.073994398117065430e-01
-5.357753634452819824e-01,3.834961950778961182e-01
-4.342784881591796875e-01,3.879209458827972412e-01
-8.930035233497619629e-01,4.353177547454833984e-01
-3.074530661106109619e-01,-6.182742118835449219e-01
-1.645983606576919556e-01,4.571783840656280518e-01
4.179514348506927490e-01,-6.039736866950988770e-01
-6.783269643783569336e-01,-1.720236390829086304e-01
2.278163433074951172e-01,-8.743041157722473145e-01
-5.961481928825378418e-01,6.261414289474487305e-01
1.596489101648330688e-01,-6.627219319343566895e-01
-8.431103825569152832e-01,-5.648008584976196289e-01
4.280945956707000732e-01,2.516500353813171387e-01
-3.301789462566375732e-01,-6.085562705993652344e-01
6.634051203727722168e-01,-2.375831007957458496e-01
-8.867328166961669922e-01,1.308156549930572510e-01
5.891699790954589844e-01,-3.214250206947326660e-01
-4.265969395637512207e-01,4.361529946327209473e-01
-8.030272722244262695e-01,-6.632013320922851562e-01
5.226235836744308472e-02,5.103401541709899902e-01
-5.453063845634460449e-01,-4.458041787147521973e-01
5.752844810485839844e-01,1.709438413381576538e-01
1.997437030076980591e-01,-6.763278245925903320e-01
-2.546725273132324219e-01,4.012618958950042725e-01
4.039753973484039307e-01,-7.175211906433105469e-01
-9.057062864303588867e-01,4.196330308914184570e-01
5.658032894134521484e-01,-4.828007817268371582e-01
-5.459188222885131836e-01,3.807742297649383545e-01
9.097676277160644531e-01,-5.034967064857482910e-01
7.747639417648315430e-01,-6.358376741409301758e-01
-1.574260145425796509e-01,4.817906022071838379e-01
-7.642934215255081654e-04,-1.770270019769668579e-01
6.067728400230407715e-01,-9.012615680694580078e-01
3.650273978710174561e-01,2.622262537479400635e-01
-5.457581952214241028e-02,-6.748762130737304688e-01
2.716976106166839600e-01,1.070763021707534790e-01
8.814653754234313965e-01,-7.018646001815795898e-01
-6.761950254440307617e-01,-1.798843592405319214e-01
-7.116017341613769531e-01,5.734735354781150818e-02
4.205077290534973145e-01,-9.404231905937194824e-01
-4.546272009611129761e-02,-1.737138628959655762e-01
-9.658485651016235352e-01,5.640012025833129883e-02
-9.540697336196899414e-01,2.393733561038970947e-01
-4.847051799297332764e-01,2.601485550403594971e-01
-5.009973645210266113e-01,3.915538191795349121e-01
3.233446180820465088e-01,3.021677136421203613e-01
-9.636238813400268555e-01,9.113736450672149658e-05
-3.122181892395019531e-01,-6.051133871078491211e-01
4.350481331348419189e-01,-9.513310790061950684e-01
8.285972476005554199e-01,-5.325148105621337891e-01
-8.844019174575805664e-01,-4.774989485740661621e-01
5.344861745834350586e-01,-9.369378089904785156e-01
-4.632343053817749023e-01,-6.425188183784484863e-01
-5.295746326446533203e-01,6.333200931549072266e-01
4.635539650917053223e-02,-9.515392780303955078e-01
-7.060891389846801758e-02,9.850822389125823975e-02
7.821593880653381348e-01,-5.104670524597167969e-01
-5.034041404724121094e-01,4.024140834808349609e-01
-6.252520084381103516e-01,2.997159063816070557e-01
5.848492383956909180e-01,-4.197866618633270264e-01
7.141565084457397461e-01,-8.768199682235717773e-01
-7.333319187164306641e-01,-1.432278007268905640e-01
5.861893296241760254e-01,-2.993486225605010986e-01
8.942246437072753906e-01,-6.704714298248291016e-01
5.760984420776367188e-01,1.548037976026535034e-01
-6.930415630340576172e-01,1.831291168928146362e-01
2.071961909532546997e-01,-8.995356559753417969e-01
3.288634121417999268e-01,-1.763191521167755127e-01
1.112776342779397964e-02,5.272373557090759277e-02
4.932324588298797607e-01,-1.290964707732200623e-02
5.913432836532592773e-01,-3.602339923381805420e-01
5.541645884513854980e-01,1.733177304267883301e-01
-2.014900147914886475e-01,-9.395853877067565918e-01
-7.005243301391601562e-01,6.012535095214843750e-01
4.134297370910644531e-01,-6.068104505538940430e-01
-2.780256979167461395e-02,7.617741823196411133e-02
6.050904393196105957e-01,-8.911744691431522369e-03
9.234131574630737305e-01,-5.281026959419250488e-01
6.278409361839294434e-01,1.171138957142829895e-01
-9.622239470481872559e-01,2.860393188893795013e-02
8.070152997970581055e-02,4.369838535785675049e-01
8.095254898071289062e-01,-7.722074985504150391e-01
4.619619250297546387e-01,8.105005323886871338e-02
1.502110958099365234e-01,2.828087098896503448e-02
5.623241066932678223e-01,-3.972041904926300049e-01
-5.319424867630004883e-01,3.863396346569061279e-01
9.137222766876220703e-01,-3.395452201366424561e-01
8.363978266716003418e-01,-7.751443386077880859e-01
8.682602047920227051e-01,-6.654049158096313477e-01
-2.846824228763580322e-01,-5.281156897544860840e-01
3.351269066333770752e-01,1.358295232057571411e-01
3.236491084098815918e-01,-6.516954898834228516e-01
3.321416676044464111e-01,2.977750003337860107e-01
8.276757001876831055e-01,-5.042757838964462280e-02
5.247701406478881836e-01,8.113741874694824219e-02
-4.794884622097015381e-01,-5.118721723556518555e-01
-6.372609138488769531e-01,6.129510998725891113e-01
3.809828460216522217e-01,-2.003255784511566162e-01
4.756712615489959717e-01,2.603211067616939545e-02
-7.380654811859130859e-01,-7.336413860321044922e-01
3.762886524200439453e-01,2.681176364421844482e-01
1.298700086772441864e-02,5.027136206626892090e-01
4.799990952014923096e-01,-5.903708934783935547e-01
-9.276303648948669434e-01,3.615330457687377930e-01
1.284204423427581787e-01,-7.002550363540649414e-01
4.627822339534759521e-01,-4.009552001953125000e-01
-8.544876575469970703e-01,-5.832581520080566406e-01
5.472301244735717773e-01,-5.138421058654785156e-01
-1.513139307498931885e-01,-9.355519413948059082e-01
-9.628931283950805664e-01,1.500671207904815674e-01
-5.063636898994445801e-01,6.397510766983032227e-01
-6.040174961090087891e-01,3.334302902221679688e-01
1.616980880498886108e-02,4.162420928478240967e-01
5.693935155868530273e-01,-3.143813014030456543e-01
4.620151817798614502e-01,2.361319661140441895e-01
5.233168601989746094e-01,-5.409822463989257812e-01
4.168794751167297363e-01,2.631088495254516602e-01
-9.268239736557006836e-01,3.656540811061859131e-01
8.597072958946228027e-01,-1.483744978904724121e-01
9.021255970001220703e-01,-5.748007297515869141e-01
-5.706688165664672852e-01,-3.472120463848114014e-01
9.150313138961791992e-01,-3.484005630016326904e-01
-9.266812354326248169e-02,5.145047903060913086e-01
-1.423369944095611572e-01,-9.459797143936157227e-01
1.335783451795578003e-01,4.059913158416748047e-01
1.182366982102394104e-01,-9.619397521018981934e-01
-8.905829191207885742e-01,4.398620426654815674e-01
-6.990091800689697266e-01,-1.075492892414331436e-02
5.102519989013671875e-01,-5.599696636199951172e-01
5.096726417541503906e-01,-3.167034685611724854e-02
-4.485579952597618103e-02,-1.755697876214981079e-01
-7.502447962760925293e-01,-1.445394754409790039e-01
-5.975055694580078125e-01,-8.285149335861206055e-01
2.845081686973571777e-01,-6.752363443374633789e-01
6.466606259346008301e-01,-7.703822851181030273e-01
8.672496676445007324e-01,-1.765222698450088501e-01
5.389604568481445312e-01,-4.705457687377929688e-01
-9.587173461914062500e-01,-1.083340197801589966e-01
-3.693954348564147949e-01,5.633096694946289062e-01
-5.230078697204589844e-01,-4.720476269721984863e-01
8.842195868492126465e-01,-6.957753300666809082e-01
4.466615319252014160e-01,1.344476342201232910e-01
3.931938111782073975e-01,1.939622014760971069e-01
-9.643527865409851074e-01,7.868005335330963135e-02
-4.456755816936492920e-01,-8.758717775344848633e-01
-5.006864666938781738e-01,-5.670773983001708984e-01
5.413832664489746094e-01,-1.357706338167190552e-01
3.732477426528930664e-01,2.790349721908569336e-01
-6.855021715164184570e-01,-1.197322458028793335e-01
-8.154439926147460938e-01,5.188735723495483398e-01
-8.945441246032714844e-01,4.332132041454315186e-01
1.567337810993194580e-01,-7.591299414634704590e-01
-4.813469946384429932e-01,-6.150898933410644531e-01
5.160396695137023926e-01,-5.156052298843860626e-03
7.408932447433471680e-01,-8.948991894721984863e-01
8.847536519169807434e-03,3.520832359790802002e-01
8.744597434997558594e-02,-9.531667232513427734e-01
-3.761250078678131104e-01,4.506146907806396484e-01
-5.630416870117187500e-01,-7.177913188934326172e-01
-1.953092962503433228e-01,5.896050930023193359e-01
-5.910046100616455078e-01,6.248431801795959473e-01
3.155869543552398682e-01,2.838413417339324951e-01
5.855501890182495117e-01,-3.961360454559326172e-01
-7.778187394142150879e-01,5.314849615097045898e-01
-4.175936281681060791e-01,6.350895166397094727e-01
-4.923896491527557373e-01,-5.031902790069580078e-01
-7.485187053680419922e-01,3.036608099937438965e-01
5.253483653068542480e-01,-7.291267067193984985e-02
6.674834340810775757e-02,-7.863427400588989258e-01
-3.451825380325317383e-01,-6.618503332138061523e-01
-7.593979835510253906e-01,2.430188059806823730e-01
-7.114756107330322266e-01,3.436002135276794434e-02
-5.011079311370849609e-01,4.068515896797180176e-01
1.919099688529968262e-01,-9.620284438133239746e-01
-9.466360211372375488e-01,2.876114547252655029e-01
5.540825128555297852e-01,-9.172853827476501465e-01
-1.503806561231613159e-01,4.541900157928466797e-01
-5.831432342529296875e-01,2.447012513875961304e-01
-8.909858465194702148e-01,-4.659514725208282471e-01
4.168899357318878174e-01,2.583779394626617432e-01
-7.722676396369934082e-01,-7.001135945320129395e-01
-1.497283875942230225e-01,-6.721928119659423828e-01
-3.398448228836059570e-01,-9.007213115692138672e-01
4.666748642921447754e-01,-5.704326629638671875e-01
-2.256890982389450073e-01,4.606243968009948730e-01
2.954557240009307861e-01,-7.451800107955932617e-01
-1.993458122014999390e-01,-3.383567184209823608e-02
-9.607750177383422852e-01,-1.360840201377868652e-01
8.966910243034362793e-01,-6.644524335861206055e-01
-5.619114041328430176e-01,-4.236906468868255615e-01
-4.255630373954772949e-01,4.268127083778381348e-01
-3.781526908278465271e-02,-1.703864485025405884e-01
3.353119790554046631e-01,-6.138068437576293945e-01
4.478368759155273438e-01,-9.385144114494323730e-01
-4.585924446582794189e-01,-5.269460678100585938e-01
3.574149012565612793e-01,2.642033398151397705e-01
-1.474967598915100098e-01,-6.018874049186706543e-01
-9.680449962615966797e-02,-6.681258082389831543e-01
8.947457075119018555e-01,-6.077240705490112305e-01
-7.785242050886154175e-02,-8.505231142044067383e-01
-4.261782020330429077e-02,-1.718305498361587524e-01
-6.648358106613159180e-01,2.287179082632064819e-01
-5.197656154632568359e-01,-4.404997825622558594e-01
7.856085896492004395e-01,-7.971807718276977539e-01
-7.026838064193725586e-01,-1.630654744803905487e-02
-6.953835487365722656e-01,-4.947217553853988647e-02
2.382123656570911407e-02,5.124881863594055176e-01
-5.832679271697998047e-01,-8.114151954650878906e-01
-5.499033927917480469e-01,4.758473336696624756e-01
-1.984154284000396729e-01,-1.468902733176946640e-02
-2.448950260877609253e-01,-6.307307481765747070e-01
4.423480629920959473e-01,1.002996265888214111e-01
-9.623298048973083496e-01,-1.028180196881294250e-01
3.778129816055297852e-01,-2.942694425582885742e-01
-4.553327336907386780e-02,-1.865294873714447021e-01
7.790360450744628906e-01,-4.045368358492851257e-02
-6.020932197570800781e-01,-2.562999427318572998e-01
-1.611134856939315796e-01,5.796377658843994141e-01
-4.396314173936843872e-02,-1.715687215328216553e-01
7.053033709526062012e-01,4.738439619541168213e-02
-2.377609461545944214e-01,4.601386189460754395e-01
1.979127526283264160e-01,1.763353943824768066e-01
-8.430833220481872559e-01,4.144794046878814697e-01
-7.594381570816040039e-01,4.891360402107238770e-01
1.549291759729385376e-01,3.665785193443298340e-01
5.301991701126098633e-01,-4.878993332386016846e-01
-6.952043771743774414e-01,-4.074008762836456299e-02
-7.114471197128295898e-01,2.709990367293357849e-02
3.098285198211669922e-01,2.991650104522705078e-01
-5.144195556640625000e-01,3.969936370849609375e-01
8.960165381431579590e-01,-5.665859580039978027e-01
-5.441496968269348145e-01,-8.295453786849975586e-01
-3.481132388114929199e-01,-7.081834077835083008e-01
9.233921766281127930e-01,-4.337784647941589355e-01
1.463177204132080078e-01,3.694528937339782715e-01
7.134892344474792480e-01,3.979020565748214722e-02
2.364615499973297119e-01,-6.698175668716430664e-01
-6.056830883026123047e-01,-3.521641194820404053e-01
-8.166903853416442871e-01,-3.648300468921661377e-01
-7.456146478652954102e-01,-9.137760102748870850e-02
5.590540170669555664e-01,-8.272066712379455566e-01
-9.948834031820297241e-02,4.464948177337646484e-01
5.879649147391319275e-02,-6.716492176055908203e-01
-6.983484625816345215e-01,-2.621030807495117188e-01
3.107018070295453072e-03,-1.745400875806808472e-01
-4.104648232460021973e-01,6.407150626182556152e-01
-7.610893249511718750e-01,-6.847617626190185547e-01
-7.087786197662353516e-01,3.187256455421447754e-01
-9.021843224763870239e-02,-9.423332810401916504e-01
-6.904578208923339844e-01,-8.186805248260498047e-02
-6.840097904205322266e-01,1.736489087343215942e-01
-7.024296522140502930e-01,-4.517440497875213623e-01
-9.572254419326782227e-01,1.045752838253974915e-01
2.306565642356872559e-01,-6.712076663970947266e-01
-1.374035477638244629e-01,-5.091281533241271973e-01
-3.056907057762145996e-01,6.206436753273010254e-01
6.450877785682678223e-01,-5.200926661491394043e-01
6.024082303047180176e-01,-1.808455139398574829e-01
-6.302817463874816895e-01,-6.447466462850570679e-02
-5.108352303504943848e-01,-8.866953849792480469e-01
-7.794750928878784180e-01,-6.896347403526306152e-01
-4.798221588134765625e-02,-1.990165412425994873e-01
-5.202791094779968262e-01,-8.394550681114196777e-01
6.614186763763427734e-01,1.100225448608398438e-01
5.762355327606201172e-01,-2.355771660804748535e-01
5.867010951042175293e-01,-5.907785892486572266e-01
-4.151135683059692383e-01,5.849115848541259766e-01
-9.003106951713562012e-01,-4.767912626266479492e-01
-6.151286959648132324e-01,6.175789237022399902e-01
-4.863099455833435059e-01,-8.592780828475952148e-01
-3.629005551338195801e-01,-5.925920009613037109e-01
-3.721602261066436768e-01,-6.837986707687377930e-01
-9.249927997589111328e-01,-3.490100204944610596e-01
-5.942811071872711182e-02,4.376647174358367920e-01
-9.519681930541992188e-01,-1.867756545543670654e-01
-1.673430055379867554e-01,-1.384343355894088745e-01
-6.840397119522094727e-01,2.083187252283096313e-01
-9.534716010093688965e-01,-2.145412266254425049e-01
-8.741334676742553711e-01,4.622853994369506836e-01
5.898320078849792480e-01,-4.071559309959411621e-01
-2.512666285037994385e-01,-6.197911500930786133e-01
-4.730862006545066833e-02,-9.471644163131713867e-01
-6.898968219757080078e-01,1.911673396825790405e-01
-7.000334262847900391e-01,1.567271798849105835e-01
9.172447323799133301e-01,-5.745515227317810059e-01
2.618905305862426758e-01,-9.613525271415710449e-01
-3.753289878368377686e-01,-4.817565977573394775e-01
4.208190441131591797e-01,-9.519205093383789062e-01
-1.100359782576560974e-01,4.447129666805267334e-01
-4.359126687049865723e-01,-3.159774243831634521e-01
-1.235892176628112793e-01,5.769476890563964844e-01
-2.313439846038818359e-01,4.602957665920257568e-01
2.608495652675628662e-01,2.211857438087463379e-01
5.174155831336975098e-01,-1.398585271090269089e-02
4.992130994796752930e-01,-5.728949308395385742e-01
-1.203411817550659180e-01,-9.393622279167175293e-01
-9.044099450111389160e-01,-3.158020377159118652e-01
-4.656803607940673828e-01,-5.260739326477050781e-01
3.633048534393310547e-01,2.750746011734008789e-01
7.054954767227172852e-01,-7.175080776214599609e-01
-6.151523590087890625e-01,-7.527240514755249023e-01
-7.024620771408081055e-01,-6.648778915405273438e-02
-6.659200191497802734e-01,-7.589163780212402344e-01
8.390831947326660156e-01,-4.273034036159515381e-01
2.467922270298004150e-01,3.545634746551513672e-01
-6.819324493408203125e-01,2.141657769680023193e-01
-8.601281642913818359e-01,-5.311886072158813477e-01
-2.272063046693801880e-01,-6.471427679061889648e-01
-6.476501226425170898e-01,-1.308182775974273682e-01
-9.606979489326477051e-01,-8.048341423273086548e-02
-5.412054061889648438e-01,-1.543917655944824219e-01
4.000957906246185303e-01,-5.186185240745544434e-01
-5.508533716201782227e-01,6.315269470214843750e-01
1.984150707721710205e-01,-7.196803111582994461e-03
-8.351534008979797363e-01,-6.161206364631652832e-01
-4.637708663940429688e-01,6.417695283889770508e-01
-7.934135943651199341e-02,-2.053332626819610596e-01
9.251978993415832520e-02,2.418989986181259155e-01
6.469956785440444946e-02,4.912463724613189697e-01
9.012618064880371094e-01,-5.829292535781860352e-01
-6.679143905639648438e-01,-2.025119066238403320e-01
8.871561288833618164e-01,-6.301959753036499023e-01
5.590423345565795898e-01,-1.691568046808242798e-01
-6.672168970108032227e-01,6.036620140075683594e-01
5.359932184219360352e-01,-8.308777213096618652e-01
-7.007348351180553436e-03,-1.760238856077194214e-01
4.035910964012145996e-02,-9.025805592536926270e-01
9.331880509853363037e-02,3.932661414146423340e-01
1.319618523120880127e-01,3.911807537078857422e-01
3.322197124361991882e-02,-9.512161612510681152e-01
5.064150094985961914e-01,-5.203005671501159668e-01
-5.324791669845581055e-01,-4.929853975772857666e-02
-7.965459227561950684e-01,-6.021822094917297363e-01
5.663573145866394043e-01,-2.163725048303604126e-01
-3.190159499645233154e-01,6.219502687454223633e-01
7.246979475021362305e-01,-8.421407938003540039e-01
-8.898194879293441772e-02,5.489718317985534668e-01
5.407544374465942383e-01,-8.160918951034545898e-02
-5.987577438354492188e-01,6.230428814888000488e-01
-8.646696060895919800e-02,-2.034938335418701172e-01
-6.717347353696823120e-02,-2.056168615818023682e-01
5.022526979446411133e-01,2.032713294029235840e-01
4.929839968681335449e-01,1.017782930284738541e-02
-9.508829563856124878e-02,-9.441353678703308105e-01
-3.451824486255645752e-01,-5.901532769203186035e-01
4.713983237743377686e-01,-4.267079383134841919e-02
-6.526186466217041016e-01,-2.229241877794265747e-01
-4.512216150760650635e-02,-1.780393421649932861e-01
-3.889434635639190674e-01,-6.042724847793579102e-01
-9.617373347282409668e-01,-1.129598692059516907e-01
-7.130289077758789062e-01,-2.060226052999496460e-01
2.039072364568710327e-01,3.866787552833557129e-01
-9.393449425697326660e-01,-3.172971010208129883e-01
5.675897598266601562e-01,-3.619372248649597168e-01
9.491209685802459717e-02,4.030294418334960938e-01
4.722637236118316650e-01,-3.325108587741851807e-01
-9.071948528289794922e-01,5.969854444265365601e-02
-4.884195029735565186e-01,-8.745101094245910645e-01
6.277077794075012207e-01,-5.280641317367553711e-01
-9.517298080027103424e-03,5.218834280967712402e-01
-9.483376741409301758e-01,2.412895709276199341e-01
7.867167592048645020e-01,-4.997821524739265442e-02
5.409321188926696777e-01,-4.658835828304290771e-01
1.362724006175994873e-01,3.742970526218414307e-01
-9.375898838043212891e-01,-3.278713226318359375e-01
-1.502033416181802750e-02,4.462581276893615723e-01
7.165468484163284302e-02,-9.600856900215148926e-01
-4.265934228897094727e-02,-1.721142232418060303e-01
4.162464737892150879e-01,-7.515634894371032715e-01
-1.526605337858200073e-04,-1.748796552419662476e-01
-6.344803571701049805e-01,6.156365871429443359e-01
5.392729043960571289e-01,-7.477281987667083740e-02
-6.181991100311279297e-01,-3.276605010032653809e-01
2.787611484527587891e-01,3.248733282089233398e-01
4.419564902782440186e-01,1.578617841005325317e-01
5.172750949859619141e-01,-5.542125701904296875e-01
-3.417436182498931885e-01,6.249442100524902344e-01
5.628883838653564453e-01,-1.857232451438903809e-01
9.225840568542480469e-01,-4.547637104988098145e-01
3.579281866550445557e-01,-4.764859974384307861e-01
7.906004190444946289e-01,-6.041935086250305176e-02
-4.334420561790466309e-01,4.345263540744781494e-01
-5.864684581756591797e-01,3.498462736606597900e-01
3.406779766082763672e-01,3.122209310531616211e-01
1.550448685884475708e-02,5.165627598762512207e-01
-8.204492330551147461e-01,-6.044782400131225586e-01
4.081848561763763428e-01,2.627074718475341797e-01
6.148499846458435059e-01,-2.337629348039627075e-01
2.323318719863891602e-01,3.141203820705413818e-01
8.424694538116455078e-01,-1.120927780866622925e-01
2.729001045227050781e-01,-9.610935449600219727e-01
-5.496267080307006836e-01,-8.506838083267211914e-01
-9.664927124977111816e-01,2.711775712668895721e-02
-9.641188383102416992e-01,4.844845086336135864e-02
7.412137985229492188e-01,-5.758935809135437012e-01
2.011956721544265747e-01,7.657919079065322876e-02
2.077590078115463257e-01,3.506483137607574463e-01
-8.957478404045104980e-02,-7.554028630256652832e-01
2.695277333259582520e-01,-9.658683538436889648e-01
-8.155385851860046387e-01,3.412657082080841064e-01
9.248416423797607422e-01,-4.739401340484619141e-01
-6.137644052505493164e-01,-7.917120456695556641e-01
2.187186926603317261e-01,-1.013090163469314575e-01
4.657713770866394043e-01,1.137489974498748779e-01
-4.456595182418823242e-01,4.480206370353698730e-01
7.426713705062866211e-01,-5.966764688491821289e-01
5.746084079146385193e-02,-6.836400032043457031e-01
-8.149091601371765137e-01,3.883840739727020264e-01
-6.824669837951660156e-01,-1.201328188180923462e-01
-4.581950008869171143e-01,-5.001983642578125000e-01
-2.621233761310577393e-01,4.606929123401641846e-01
8.376543968915939331e-02,-9.604464173316955566e-01
-8.107643723487854004e-01,-6.140233278274536133e-01
-9.489086866378784180e-01,-2.515276372432708740e-01
6.097539663314819336e-01,1.493378430604934692e-01
-3.807713985443115234e-01,4.496268332004547119e-01
5.091739296913146973e-01,-5.842032432556152344e-01
1.135001853108406067e-01,-8.791952133178710938e-01
-2.179705947637557983e-01,5.618600249290466309e-01
-3.945768773555755615e-01,-5.749430656433105469e-01
-1.818182133138179779e-02,-1.705444008111953735e-01
8.634962439537048340e-01,-1.574767976999282837e-01
7.493163347244262695e-01,-5.685544610023498535e-01
1.638071686029434204e-01,-6.987628936767578125e-01
3.321915268898010254e-01,-7.410246133804321289e-01
-2.385237663984298706e-01,-6.332606077194213867e-01
3.709940910339355469e-01,-8.210088610649108887e-01
-7.822521924972534180e-01,-2.831437997519969940e-02
-2.957932092249393463e-02,-1.671950221061706543e-01
8.428930044174194336e-01,-7.674349546432495117e-01
5.171106457710266113e-01,2.068054527044296265e-01
-2.467055171728134155e-01,-7.335231304168701172e-01
-6.832348108291625977e-01,-1.131282895803451538e-01
-6.568224430084228516e-01,-7.643396854400634766e-01
5.813158154487609863e-01,-2.648861408233642578e-01
-8.357684314250946045e-02,-9.525407552719116211e-01
-6.209639459848403931e-02,-2.043583393096923828e-01
4.723367989063262939e-01,1.779250204563140869e-01
8.623276352882385254e-01,-2.057797312736511230e-01
-8.961414098739624023e-01,4.048663377761840820e-01
-6.311371326446533203e-01,3.627929389476776123e-01
-5.574419498443603516e-01,4.125601947307586670e-01
5.142537355422973633e-01,-4.241763800382614136e-02
-3.512117564678192139e-01,-5.868072509765625000e-01
9.200361967086791992e-01,-5.638880729675292969e-01
-7.595454454421997070e-01,4.631400108337402344e-02
8.421820998191833496e-01,-7.239615917205810547e-01
4.684072136878967285e-01,7.018998265266418457e-02
-2.695543169975280762e-01,6.203685402870178223e-01
8.137648105621337891e-01,-7.583590745925903320e-01
6.306507587432861328e-01,-7.022056579589843750e-01
4.830777347087860107e-01,7.649906724691390991e-02
-2.477855980396270752e-01,5.391590595245361328e-01
-3.413044661283493042e-02,4.304125010967254639e-01
4.028234481811523438e-01,1.837992221117019653e-01
3.050032854080200195e-01,2.138663232326507568e-01
-1.948388814926147461e-01,4.935136996209621429e-03
8.559941053390502930e-01,-1.817032843828201294e-01
3.174462616443634033e-01,-9.594854712486267090e-01
-6.992332935333251953e-01,-1.745161414146423340e-02
-5.987237691879272461e-01,4.266994297504425049e-01
-5.762202739715576172e-01,-5.281605720520019531e-01
-2.785000801086425781e-01,-4.284194111824035645e-01
-3.641934394836425781e-01,6.364303827285766602e-01
8.708821535110473633e-01,-6.753202676773071289e-01
-9.598242640495300293e-01,1.941555738449096680e-01
-8.162075281143188477e-01,4.381526261568069458e-03
4.415878057479858398e-01,-5.897120833396911621e-01
1.114407107234001160e-01,4.651443660259246826e-01
-9.158340692520141602e-01,-3.812390863895416260e-01
3.632106781005859375e-01,-7.492882013320922852e-01
-5.722723603248596191e-01,-4.078349173069000244e-01
-9.134686738252639771e-02,4.488528370857238770e-01
-2.719352208077907562e-02,5.367875099182128906e-01
5.176934003829956055e-01,-1.259452104568481445e-01
-6.146808862686157227e-01,3.149863779544830322e-01
-4.538851082324981689e-01,4.258205592632293701e-01
-4.509232938289642334e-02,-1.766734570264816284e-01
-2.240873128175735474e-01,-9.250941872596740723e-01
-7.847099304199218750e-01,5.415961742401123047e-01
1.708316057920455933e-01,-6.981836557388305664e-01
-6.999335289001464844e-01,8.079232275485992432e-02
-5.808745622634887695e-01,6.278204321861267090e-01
2.710285363718867302e-03,-7.231138944625854492e-01
-8.629906773567199707e-01,2.460419982671737671e-01
4.507547989487648010e-02,-7.705943584442138672e-01
6.867817640304565430e-01,-8.924860954284667969e-01
-5.680007934570312500e-01,-8.163874745368957520e-01
-1.211149035952985287e-03,-1.781636327505111694e-01
3.011960387229919434e-01,2.958123087882995605e-01
-3.412487208843231201e-01,4.457349777221679688e-01
2.575255930423736572e-03,-6.965411901473999023e-01
3.820034265518188477e-01,-9.559037089347839355e-01
5.700395107269287109e-01,-3.086486160755157471e-01
-5.563073158264160156e-01,3.690768182277679443e-01
-6.108600497245788574e-01,3.187544941902160645e-01
3.809352517127990723e-01,-4.198501110076904297e-01
-2.963405847549438477e-01,-9.117850661277770996e-01
6.532260179519653320e-01,1.168194711208343506e-01
-9.743355959653854370e-02,5.068959593772888184e-01
5.817684531211853027e-01,-2.047250419855117798e-01
-2.678686678409576416e-01,4.904144406318664551e-01
-6.103638410568237305e-01,-3.329809904098510742e-01
5.496112108230590820e-01,-4.432063102722167969e-01
-8.588864803314208984e-01,-5.749204754829406738e-01
-6.419430971145629883e-01,-4.686580896377563477e-01
-2.602736055850982666e-01,3.978504240512847900e-01
-6.889318227767944336e-01,1.716599613428115845e-01
8.109043836593627930e-01,-5.715806037187576294e-02
3.981259465217590332e-01,-9.444871544837951660e-01
-6.382642984390258789e-01,-2.619411647319793701e-01
-6.998767256736755371e-01,5.849845334887504578e-02
-8.682622313499450684e-01,2.982178032398223877e-01
-7.010822892189025879e-01,5.095496773719787598e-02
-5.071770548820495605e-01,4.695976674556732178e-01
-2.430939488112926483e-02,-1.683337390422821045e-01
-9.253427982330322266e-01,3.686280548572540283e-01
-7.100409865379333496e-01,8.717193454504013062e-02
-9.361638426780700684e-01,-1.127132494002580643e-02
-9.302719235420227051e-01,-3.203857839107513428e-01
4.692016243934631348e-01,1.045229509472846985e-01
-2.021216750144958496e-01,6.035667061805725098e-01
1.562588959932327271e-01,3.712466657161712646e-01
-5.426254272460937500e-01,6.331280469894409180e-01
-4.330258369445800781e-01,1.190633550286293030e-01
3.077971190214157104e-02,-6.920561790466308594e-01
-5.891226530075073242e-01,-3.815487921237945557e-01
5.798795074224472046e-02,8.341225236654281616e-02
2.829871177673339844e-01,3.198966681957244873e-01
5.762423276901245117e-01,-4.340993165969848633e-01
-6.894760131835937500e-01,1.486665606498718262e-01
2.957304418087005615e-01,-6.539562940597534180e-01
-7.509839534759521484e-01,-7.274570465087890625e-01
7.112203836441040039e-01,-5.055084824562072754e-02
-6.687626838684082031e-01,3.072865903377532959e-01
2.375055104494094849e-01,3.328988850116729736e-01
3.683924973011016846e-01,2.277114242315292358e-01
9.072374105453491211e-01,-5.229004621505737305e-01
-9.444714784622192383e-01,-3.021785020828247070e-01
7.493064403533935547e-01,-4.904599785804748535e-01
2.170060873031616211e-01,3.798178136348724365e-01
3.697686269879341125e-02,4.992628693580627441e-01
2.788419835269451141e-02,4.117034971714019775e-01
5.957180261611938477e-01,-2.247600853443145752e-01
-9.631518125534057617e-01,-2.845313213765621185e-02
6.788010597229003906e-01,-3.450206220149993896e-01
5.587019920349121094e-01,-3.928321897983551025e-01
5.881295800209045410e-01,-3.956660628318786621e-02
4.033643901348114014e-01,-8.744276165962219238e-01
-8.637999892234802246e-01,-5.625553727149963379e-01
-5.976403951644897461e-01,3.332541584968566895e-01
5.429581403732299805e-01,-4.506725966930389404e-01
1.328662484884262085e-01,-9.614741206169128418e-01
-4.186855256557464600e-02,-1.724193543195724487e-01
5.404507517814636230e-01,-5.041565895080566406e-01
9.104125499725341797e-01,-4.662218093872070312e-01
-1.301925480365753174e-01,4.961860179901123047e-01
1.414719671010971069e-01,4.474730491638183594e-01
1.813867092132568359e-01,-6.937253475189208984e-01
-7.966309785842895508e-02,5.457209944725036621e-01
-4.648555219173431396e-01,4.238269329071044922e-01
-5.102961659431457520e-01,6.353226900100708008e-01
-4.818520247936248779e-01,-5.002542138099670410e-01
-5.368273258209228516e-01,2.994734048843383789e-01
5.365409255027770996e-01,-5.301048755645751953e-01
-5.044422149658203125e-01,-6.935983896255493164e-01
7.303910255432128906e-01,-6.974333524703979492e-01
5.373574495315551758e-01,-1.051744744181632996e-01
-4.829787835478782654e-02,-6.670901775360107422e-01
2.058340907096862793e-01,3.498391509056091309e-01
-9.544751048088073730e-01,-1.579288989305496216e-01
-1.818051747977733612e-02,-7.932730317115783691e-01
-5.098295211791992188e-01,3.994159996509552002e-01
-9.577911496162414551e-01,2.064170241355895996e-01
3.051584400236606598e-02,2.088378071784973145e-01
1.248279288411140442e-01,4.389871954917907715e-01
6.692153215408325195e-01,-3.816602006554603577e-02
-5.949342846870422363e-01,-3.565789163112640381e-01
-5.942711830139160156e-01,1.909368187189102173e-01
-3.278800547122955322e-01,4.576145708560943604e-01
8.255516290664672852e-01,-7.906360030174255371e-01
3.597301840782165527e-01,-6.315234899520874023e-01
-5.456086993217468262e-01,-5.172407627105712891e-01
2.371095269918441772e-01,-6.896274685859680176e-01
8.331910967826843262e-01,-2.116836607456207275e-01
-8.123221993446350098e-02,-6.854508519172668457e-01
-4.240554869174957275e-01,-7.969197630882263184e-01
3.986758887767791748e-01,2.202050685882568359e-01
-4.720097184181213379e-01,4.201911389827728271e-01
-5.173551440238952637e-01,-4.780606925487518311e-01
1.427528709173202515e-01,3.983343243598937988e-01
-4.630057141184806824e-02,-1.974947750568389893e-01
1.558172553777694702e-01,1.612588167190551758e-01
-5.611453056335449219e-01,-5.626922845840454102e-01
-6.204767227172851562e-01,4.107273221015930176e-01
-9.612569212913513184e-01,1.649691909551620483e-01
-6.064765453338623047e-01,-8.236393332481384277e-01
5.655531883239746094e-01,-5.939286947250366211e-01
-9.344675540924072266e-01,3.490539789199829102e-01
-9.625428169965744019e-02,2.871817648410797119e-01
-2.636151611804962158e-01,-6.139403581619262695e-01
1.606773585081100464e-01,4.160929918289184570e-01
-4.439820349216461182e-01,-5.321364402770996094e-01
3.747465312480926514e-01,-6.498246192932128906e-01
8.227887749671936035e-01,-1.189571544528007507e-01
-1.926946938037872314e-01,-9.309183359146118164e-01
6.586515903472900391e-01,-7.654700279235839844e-01
-7.112324237823486328e-01,6.381006538867950439e-02
-9.366706609725952148e-01,2.992927134037017822e-01
-7.521534562110900879e-01,5.621848106384277344e-01
-6.423134803771972656e-01,2.875139713287353516e-01
-2.402257323265075684e-01,1.523768007755279541e-01
8.761023730039596558e-02,-2.216244116425514221e-03
5.657722949981689453e-01,-2.185874283313751221e-01
-1.649505943059921265e-01,6.200753152370452881e-02
-1.199440360069274902e-01,4.508142471313476562e-01
9.068768620491027832e-01,-5.398980379104614258e-01
5.445028543472290039e-01,-9.352335333824157715e-01
3.879089653491973877e-01,2.009056508541107178e-01
-5.107703208923339844e-01,-8.648196458816528320e-01
-6.316084861755371094e-01,-2.816044986248016357e-01
8.934747576713562012e-01,-6.147173643112182617e-01
-1.268511265516281128e-01,4.523605406284332275e-01
-5.495771169662475586e-01,5.171934366226196289e-01
1.732390746474266052e-02,3.870134353637695312e-01
-2.967860400676727295e-01,-6.236334443092346191e-01
2.725551603361964226e-03,-1.734079718589782715e-01
-6.929264068603515625e-01,3.536858558654785156e-01
1.077100932598114014e-01,-9.537627696990966797e-01
-1.138397864997386932e-02,-1.732053607702255249e-01
4.631065726280212402e-01,-5.986127853393554688e-01
-9.274513721466064453e-01,-3.788136243820190430e-01
-8.064297437667846680e-01,5.368580222129821777e-01
8.830898404121398926e-01,-6.454818248748779297e-01
3.016011118888854980e-01,-6.522539854049682617e-01
-1.329991668462753296e-01,-6.608909368515014648e-01
-4.129092693328857422e-01,4.991233348846435547e-01
-2.862436175346374512e-01,4.601565897464752197e-01
-6.251982450485229492e-01,-2.942412495613098145e-01
1.276151388883590698e-01,-6.830647587776184082e-01
3.390628099441528320e-01,-6.631766557693481445e-01
5.271397233009338379e-01,1.937462687492370605e-01
-3.779721558094024658e-01,-7.649791836738586426e-01
6.296398639678955078e-01,-6.194360256195068359e-01
7.591184973716735840e-01,-8.513731956481933594e-01
8.228995203971862793e-01,-3.024606108665466309e-01
6.620463132858276367e-01,-4.327999055385589600e-01
5.968619585037231445e-01,-9.051295518875122070e-01
-5.560947060585021973e-01,6.338852643966674805e-01
2.661637067794799805e-01,-6.627028584480285645e-01
-9.591144919395446777e-01,2.027488201856613159e-01
-3.043429255485534668e-01,-8.467410802841186523e-01
-2.614812850952148438e-01,-9.307499527931213379e-01
1.818108856678009033e-01,-6.161155700683593750e-01
-6.215344667434692383e-01,-3.210544884204864502e-01
-8.178235292434692383e-01,5.185406208038330078e-01
-6.964623332023620605e-01,1.146941035985946655e-01
-9.014491438865661621e-01,-4.306236803531646729e-01
6.474630832672119141e-01,-8.857275247573852539e-01
2.946538031101226807e-01,-7.503026723861694336e-01
8.655831813812255859e-01,-7.324743866920471191e-01
-3.073624670505523682e-01,6.280809640884399414e-01
-1.589582264423370361e-01,5.895868539810180664e-01
2.700097858905792236e-01,-6.830734014511108398e-01
1.406228542327880859e-01,3.772857487201690674e-01
-9.383464455604553223e-01,3.254836797714233398e-01
-2.325643450021743774e-01,3.910358548164367676e-01
5.933319330215454102e-01,-3.556968271732330322e-01
5.480258464813232422e-01,1.633495539426803589e-01
5.580599308013916016e-01,-4.159233570098876953e-01
-6.253505349159240723e-01,6.197953224182128906e-01
5.330472588539123535e-01,-5.343952178955078125e-01
2.347357571125030518e-01,-7.003413438796997070e-01
-7.010368108749389648e-01,2.851866185665130615e-02
2.893681228160858154e-01,3.235772848129272461e-01
-7.011414170265197754e-01,-7.643293738365173340e-01
-8.902392387390136719e-01,3.899273229762911797e-03
-9.220180511474609375e-01,3.565683066844940186e-01
2.817573845386505127e-01,-6.566774845123291016e-01
1.690660417079925537e-01,4.115689694881439209e-01
-8.173058032989501953e-01,4.439935982227325439e-01
3.759338520467281342e-03,-1.731416881084442139e-01
5.759140253067016602e-01,-4.604038000106811523e-01
5.508764982223510742e-01,-5.964914336800575256e-02
-4.466671049594879150e-01,4.298304617404937744e-01
-9.533661603927612305e-01,-5.090722814202308655e-02
8.982793688774108887e-01,-3.330157697200775146e-01
-2.081172317266464233e-01,4.547513425350189209e-01
-9.398425817489624023e-01,-2.696410715579986572e-01
-4.695053771138191223e-02,4.603574275970458984e-01
1.218424662947654724e-01,4.587787091732025146e-01
-2.133844196796417236e-01,6.063979864120483398e-01
8.596196770668029785e-02,3.964879214763641357e-01
6.366013288497924805e-01,-9.112066030502319336e-01
2.040110975503921509e-01,-9.620070457458496094e-01
9.023042917251586914e-01,-3.658055663108825684e-01
2.702663838863372803e-01,3.323994874954223633e-01
-5.459182262420654297e-01,3.725578784942626953e-01
2.383808940649032593e-01,3.601535260677337646e-01
-6.161100864410400391e-01,-1.632292121648788452e-01
-6.772177815437316895e-01,1.985505223274230957e-01
-9.148682951927185059e-01,2.556896507740020752e-01
1.953222304582595825e-01,4.125853180885314941e-01
-6.471056491136550903e-02,-9.530900716781616211e-01
-6.188192367553710938e-01,1.817509084939956665e-01
5.693976879119873047e-01,-2.059843540191650391e-01
4.178682565689086914e-01,-5.761748552322387695e-01
7.182173728942871094e-01,-3.883959352970123291e-01
-9.590187668800354004e-01,-1.533037126064300537e-01
-4.635156989097595215e-01,3.512241244316101074e-01
-6.946638822555541992e-01,-5.590495839715003967e-02
3.196760416030883789e-01,2.262418717145919800e-01
-8.971991539001464844e-01,-4.863083362579345703e-01
-6.611989736557006836e-01,-7.904574275016784668e-01
4.582808911800384521e-01,-6.065378189086914062e-01
-4.294763505458831787e-01,-5.496166348457336426e-01
5.633006095886230469e-01,-9.143038392066955566e-01
-8.077535033226013184e-01,5.259307026863098145e-01
4.381597340106964111e-01,-4.627997577190399170e-01
7.578419446945190430e-01,-8.210714459419250488e-01
4.369055032730102539e-01,-5.930180549621582031e-01
4.285730123519897461e-01,2.043754011392593384e-01
-4.022307991981506348e-01,-4.461005032062530518e-01
-5.160776376724243164e-01,-3.323822915554046631e-01
7.876383066177368164e-01,-3.302052617073059082e-02
5.668725967407226562e-01,-3.669378459453582764e-01
7.076709866523742676e-01,-4.987514764070510864e-02
-9.341809153556823730e-01,-3.073537945747375488e-01
4.145054221153259277e-01,-6.139535903930664062e-01
-1.244127470999956131e-02,-6.796205043792724609e-01
-1.587902307510375977e-01,-1.513009071350097656e-01
2.418059706687927246e-01,3.786475956439971924e-01
4.338089525699615479e-01,2.381546497344970703e-01
3.334463536739349365e-01,6.516987830400466919e-02
-7.070572376251220703e-01,-3.516964986920356750e-02
6.975088119506835938e-01,-8.537296056747436523e-01
-7.233721017837524414e-01,5.513241291046142578e-01
-5.512106046080589294e-02,-6.486943364143371582e-01
-7.972130179405212402e-01,-6.353492736816406250e-01
3.692744672298431396e-01,2.467811107635498047e-01
3.620675802230834961e-01,2.343616783618927002e-01
3.060917556285858154e-01,3.232486546039581299e-01
-3.878121376037597656e-01,-5.744745135307312012e-01
-2.009410709142684937e-01,5.034006237983703613e-01
-5.239102244377136230e-01,3.944715261459350586e-01
8.195741176605224609e-01,-5.432518720626831055e-01
-1.600067019462585449e-01,-6.472321748733520508e-01
-8.826984167098999023e-01,3.073720932006835938e-01
-5.080915689468383789e-01,-4.762544929981231689e-01
1.783195883035659790e-01,4.375480711460113525e-01
-4.694897830486297607e-01,-5.768644809722900391e-01
-7.332326173782348633e-01,4.599544405937194824e-01
-9.582102298736572266e-01,-1.637509316205978394e-01
7.845773547887802124e-02,3.784216046333312988e-01
-2.824149131774902344e-01,4.785657227039337158e-01
-4.492765963077545166e-01,-5.277906656265258789e-01
-2.918018996715545654e-01,5.701641440391540527e-01
8.951538205146789551e-01,-2.500346004962921143e-01
2.791207134723663330e-01,-9.531821608543395996e-01
-4.772696197032928467e-01,7.156930863857269287e-02
-4.907753318548202515e-02,4.530817866325378418e-01
6.870139837265014648e-01,-3.625101447105407715e-01
-2.601694762706756592e-01,6.184201240539550781e-01
-4.554385542869567871e-01,-7.827641367912292480e-01
-5.972374975681304932e-02,4.360737502574920654e-01
6.475338935852050781e-01,-2.716229259967803955e-01
6.593761444091796875e-01,-5.498895645141601562e-01
-7.406612038612365723e-01,5.717846751213073730e-01
-6.244351863861083984e-01,-7.863296866416931152e-01
-7.834791392087936401e-02,4.404702186584472656e-01
5.564538389444351196e-02,-6.999013423919677734e-01
2.254253327846527100e-01,3.929155766963958740e-01
-6.000537872314453125e-01,2.370168454945087433e-02
-1.212329491972923279e-01,5.635048151016235352e-01
1.633396148681640625e-01,3.683056533336639404e-01
-6.428494453430175781e-01,-8.038398623466491699e-01
-4.775879085063934326e-01,-5.055021643638610840e-01
-1.245415061712265015e-01,-9.200233221054077148e-01
3.180230855941772461e-01,2.887826263904571533e-01
2.044375985860824585e-01,-6.947765350341796875e-01
-9.345581531524658203e-01,-2.113867551088333130e-01
-4.081904590129852295e-01,6.349667310714721680e-01
-6.551765203475952148e-01,2.674261331558227539e-01
-4.289055615663528442e-02,-1.717089116573333740e-01
-3.147103488445281982e-01,4.583935737609863281e-01
-6.652604937553405762e-01,-2.138195186853408813e-01
5.516088008880615234e-01,-1.474124193191528320e-01
-4.413402974605560303e-01,6.494508385658264160e-01
1.073603983968496323e-03,-6.902475357055664062e-01
-7.414990663528442383e-01,4.148581624031066895e-01
4.089874029159545898e-01,-9.429222941398620605e-01
-7.710986733436584473e-01,-3.308379948139190674e-01
1.673771291971206665e-01,-9.546172618865966797e-01
8.129894733428955078e-01,-9.241256117820739746e-02
4.057533740997314453e-01,4.751380905508995056e-02
5.697705745697021484e-01,-9.092335104942321777e-01
1.993165016174316406e-01,2.703945636749267578e-01
-2.917025983333587646e-01,4.598155915737152100e-01
4.536311328411102295e-01,-6.098198890686035156e-01
-2.655181586742401123e-01,-8.321657180786132812e-01
5.585366487503051758e-02,-9.591972231864929199e-01
-2.731300294399261475e-01,6.119116544723510742e-01
4.582740664482116699e-01,-1.155533567070960999e-01
9.067439436912536621e-01,-6.324259042739868164e-01
1.237155273556709290e-01,2.420193850994110107e-01
-7.992838025093078613e-01,-1.212555319070816040e-01
-4.867669939994812012e-01,-5.080485939979553223e-01
4.485765993595123291e-01,1.950605511665344238e-01
4.940583407878875732e-01,1.723122894763946533e-01
-7.180911302566528320e-01,-7.212212085723876953e-01
-5.546092987060546875e-01,-4.284337460994720459e-01
-6.120416522026062012e-02,-5.445992946624755859e-01
4.011467695236206055e-01,2.466339766979217529e-01
-7.806779146194458008e-01,-7.275150418281555176e-01
2.000018060207366943e-01,-7.735681533813476562e-01
4.656239151954650879e-01,-7.026361227035522461e-01
-2.617850005626678467e-01,4.608626961708068848e-01
7.692097425460815430e-01,-8.091044425964355469e-01
5.006786584854125977e-01,1.042977869510650635e-01
-1.196433603763580322e-01,-1.871667206287384033e-01
-4.711002856492996216e-02,-1.878544092178344727e-01
4.148413538932800293e-01,-9.163710474967956543e-01
-9.149698615074157715e-01,-4.663521349430084229e-01
-9.228667020797729492e-01,2.048428058624267578e-01
8.840903043746948242e-01,-2.158803939819335938e-01
-6.129650473594665527e-01,-3.193226754665374756e-01
4.459948241710662842e-01,1.505346000194549561e-01
9.154637455940246582e-01,-3.594632148742675781e-01
-6.361914873123168945e-01,-2.881945371627807617e-01
4.979278445243835449e-01,-5.379565358161926270e-01
2.329550832509994507e-01,-8.473113775253295898e-01
6.523256301879882812e-01,-2.810705900192260742e-01
5.921634435653686523e-01,-3.811237514019012451e-01
-3.199262917041778564e-02,-6.760014295578002930e-01
1.002057567238807678e-01,-5.644388198852539062e-01
-9.941685944795608521e-02,5.617794990539550781e-01
7.019585371017456055e-01,7.428089529275894165e-02
-7.288712263107299805e-02,-2.060532122850418091e-01
-2.291155457496643066e-01,-6.490154266357421875e-01
-6.541579961776733398e-01,-2.159156948328018188e-01
9.249209761619567871e-01,-4.817986786365509033e-01
-6.202598810195922852e-01,5.500468015670776367e-01
-1.553556919097900391e-01,4.720476269721984863e-01
3.456370532512664795e-01,-9.489483833312988281e-01
-1.787775009870529175e-01,4.535542801022529602e-02
4.859355986118316650e-01,-9.449229836463928223e-01
1.034920811653137207e-01,5.828684195876121521e-02
1.488927304744720459e-01,4.429123401641845703e-01
-7.746687531471252441e-01,-5.011478662490844727e-01
-5.918871164321899414e-01,-3.626019954681396484e-01
3.066088771447539330e-03,5.065374374389648438e-01
1.955967396497726440e-01,-9.553666710853576660e-01
-2.335503995418548584e-01,-8.192688226699829102e-01
9.267916083335876465e-01,-6.049183011054992676e-01
5.735300779342651367e-01,-4.650743007659912109e-01
-6.848315000534057617e-01,-2.873858511447906494e-01
-4.690470099449157715e-01,6.367404460906982422e-01
-5.281748175621032715e-01,-4.546830058097839355e-01
-2.192430645227432251e-01,4.601180553436279297e-01
5.487504601478576660e-01,-1.373542100191116333e-01
1.810034960508346558e-01,-7.244445085525512695e-01
8.372628092765808105e-01,-8.212550878524780273e-01
2.228589504957199097e-01,3.928402662277221680e-01
6.941288709640502930e-01,8.169456571340560913e-02
1.040827110409736633e-01,4.579169154167175293e-01
-6.023235321044921875e-01,5.903410911560058594e-01
-1.932929083704948425e-02,-6.786991357803344727e-01
1.254063993692398071e-01,-7.179390192031860352e-01
2.484151907265186310e-02,4.571407735347747803e-01
-5.998772382736206055e-01,-1.536934375762939453e-01
-3.781115412712097168e-01,-8.915231823921203613e-01
6.008687019348144531e-01,-9.222759604454040527e-01
-1.832938045263290405e-01,-1.084023341536521912e-01
-6.089575290679931641e-01,3.179329931735992432e-01
-7.017898559570312500e-01,5.896738171577453613e-01
-5.680785179138183594e-01,1.459532976150512695e-01
-5.597406625747680664e-01,2.539660930633544922e-01
-4.734757542610168457e-01,4.515656828880310059e-01
-1.462205946445465088e-01,7.594880461692810059e-02
5.067969560623168945e-01,-2.462957054376602173e-02
3.188317120075225830e-01,-7.461145520210266113e-01
